{"Items":[{"mFurniture":"bed","mPosition":{"x":-0.031700003892183307,"y":0.0,"z":-0.006600003689527512},"mRotation":{"x":0.0,"y":0.7071068286895752,"z":0.0,"w":0.7071068286895752},"mScale":{"x":0.0030000009573996069,"y":0.003000000026077032,"z":0.0030000009573996069},"mColor":0,"mesh":[]},{"mFurniture":"bookshelf","mPosition":{"x":-0.0682000070810318,"y":0.0,"z":0.001999989151954651},"mRotation":{"x":0.0,"y":-0.7071068286895752,"z":0.0,"w":0.7071068286895752},"mScale":{"x":0.0030000009573996069,"y":0.003000000026077032,"z":0.0030000009573996069},"mColor":0,"mesh":[]}]}
