{"mFurniture":"bed (1)","mPosition":{"x":0.0,"y":0.0,"z":-2.8499999046325685},"mRotation":{"x":0.0,"y":0.0,"z":0.0,"w":1.0},"mScale":{"x":0.30000001192092898,"y":0.30000001192092898,"z":0.30000001192092898},"mColor":0}
