{"Items":[{"mFurniture":"bookshelf","mPosition":{"x":-21.725791931152345,"y":-73.90603637695313,"z":-48.06982421875},"mRotation":{"x":0.2077351063489914,"y":0.042896196246147159,"z":-0.17401836812496186,"w":0.9616255760192871},"mScale":{"x":0.05000000074505806,"y":0.05000000074505806,"z":0.05000000074505806},"mColor":0,"mesh":[]},{"mFurniture":"bed","mPosition":{"x":-87.9308853149414,"y":-52.26068115234375,"z":-37.37969970703125},"mRotation":{"x":-0.1964162141084671,"y":-0.03799670562148094,"z":0.14615894854068757,"w":-0.9688212275505066},"mScale":{"x":0.05000000074505806,"y":0.05000000074505806,"z":0.05000000074505806},"mColor":0,"mesh":[]}]}
