{"Items":[{"mFurniture":"desk","mPosition":{"x":0.031017277389764787,"y":0.0,"z":-0.011026285588741303},"mRotation":{"x":2.7066562324762346e-9,"y":0.006538019515573978,"z":3.725290298461914e-9,"w":-0.9999786615371704},"mScale":{"x":0.00200000056065619,"y":0.0020000000949949028,"z":0.0020000003278255464},"mColor":0,"mesh":[]},{"mFurniture":"deskChair","mPosition":{"x":0.019047174602746965,"y":1.4901161193847657e-8,"z":-0.03883562982082367},"mRotation":{"x":-1.3242242857813836e-9,"y":0.9995834827423096,"z":0.0,"w":-0.02885827049612999},"mScale":{"x":0.0019999993965029718,"y":0.0020000000949949028,"z":0.0019999996293336155},"mColor":0,"mesh":[]},{"mFurniture":"bed","mPosition":{"x":0.047717273235321048,"y":2.9802322387695315e-8,"z":-0.05840002000331879},"mRotation":{"x":-4.94765117764473e-10,"y":0.7126581072807312,"z":-3.725290298461914e-9,"w":0.7015116214752197},"mScale":{"x":0.002400000346824527,"y":0.002400000113993883,"z":0.002400000812485814},"mColor":0,"mesh":[]}]}
